{
  "test_loss": 0.17361399946131892,
  "avg_error": 3.4999287128448486,
  "error_95pct": 10.378316879272461,
  "error_max": 19.432193756103516,
  "training_secs": 2.688919100000021
}