{
  "test_loss": 0.8411637981695756,
  "avg_error": 7.052363872528076,
  "error_95pct": 25.59099006652832,
  "error_max": 62.758602142333984,
  "training_secs": 6.374677499999962
}