{
  "test_loss": 0.050217307044615536,
  "avg_error": 2.0813710689544678,
  "error_95pct": 4.784427642822266,
  "error_max": 12.612171173095703,
  "training_secs": 25.08186289999867
}