{
    "F": [
        2.0,
        1.0
    ],
    "T": [
        25.0,
        1.0
    ],
    "Hdc": [
        1248.1602783203125,
        712.3115844726562
    ],
    "N": [
        14.524999618530273,
        4.500069618225098
    ],
    "Pcv": [
        1.6859544515609741,
        0.6905786991119385
    ]
}