{
  "exp_name": "CH467160_optuna_parm_test1_20250807",
  "timestamp": "2025-08-07T19:19:15.332611",
  "duration_sec": 9004.210613999996,
  "config": {
    "BATCH_SIZE": 64,
    "DECAY_EPOCH": 455,
    "EARLY_STOPPING_PATIENCE": 150,
    "HIDDEN_SIZE": 40,
    "LEARNING_RATE": 0.01,
    "LR_SCHEDULER_GAMMA": 0.9545861499908413,
    "MAXOUT_H": 1,
    "NUM_EPOCHS": 1500,
    "OPERATOR_SIZE": 30,
    "SEED": 1
  },
  "best_model": {
    "path": "results\\20250807_uesed_for_PFC_test4_CH467160_optuna_parm_test1\\CH467160_uesed_for_PFC_test4_optuna_parm_test1_20250807.pt",
    "epoch": 60,
    "val_loss": Infinity,
    "loss_H": 0.00011944995367230149,
    "loss_Pcv": 0.009824713692069054
  },
  "note": "optuna_parm_test1",
  "note detail": "使用optuna的參數"
}