{
  "exp_name": "CH467160_Augmentation_Test4_20250603",
  "timestamp": "2025-06-03T21:56:33.742981",
  "duration_sec": 1533.068313299911,
  "config": {
    "BATCH_SIZE": 512,
    "DECAY_EPOCH": 200,
    "DECAY_RATIO": 0.5,
    "EARLY_STOPPING_PATIENCE": 100,
    "HIDDEN_SIZE": 30,
    "LEARNING_RATE": 0.002,
    "LR_SCHEDULER_GAMMA": 0.99,
    "MAXOUT_H": 1,
    "NUM_EPOCHS": 1500,
    "OPERATOR_SIZE": 30,
    "SEED": 1
  },
  "best_model": {
    "path": "results\\20250603_perChannelScaling_MLP_CH467160_Augmentation_Test4\\CH467160_perChannelScaling_MLP_Augmentation_Test4_20250603.pt",
    "epoch": 185,
    "val_loss": 0.4474342316389084,
    "loss_H": 0.0061715091578662395,
    "loss_Pcv": 0.888696938753128
  },
  "note": "Augmentation_Test4",
  "note detail": "alpha=0.5、先家初始點再加數據增強、batchsize=512"
}