{
    "F": [
        2.0,
        1.0
    ],
    "T": [
        25.0,
        1.0
    ],
    "Hdc": [
        1245.2510986328125,
        698.5667114257812
    ],
    "N": [
        14.20181941986084,
        4.4452033042907715
    ],
    "Pcv": [
        1.6664491891860962,
        0.7449064254760742
    ]
}