{
    "F": [
        2.0,
        1.0
    ],
    "T": [
        25.0,
        1.0
    ],
    "Hdc": [
        1250.5706787109375,
        698.3126831054688
    ],
    "Pcv": [
        1.631534457206726,
        0.7471703290939331
    ]
}