{
  "test_loss": 7.10504848862548,
  "avg_error": 40.74811553955078,
  "error_95pct": 52.29897689819336,
  "error_max": 72.8614501953125,
  "training_secs": 18.27707399998326
}