{
  "test_loss": 5.515369835735467,
  "avg_error": 43.782588958740234,
  "error_95pct": 40.09124755859375,
  "error_max": 2376.23046875,
  "training_secs": 21.126934300060384
}