{
  "test_loss": 0.8464210967924515,
  "avg_error": 7.10612678527832,
  "error_95pct": 25.597644805908203,
  "error_max": 64.3006591796875,
  "training_secs": 3.7193076000003202
}