{
  "test_loss": 0.05111746471825308,
  "avg_error": 2.0934300422668457,
  "error_95pct": 5.068181991577148,
  "error_max": 12.528212547302246,
  "training_secs": 18.16370660008397
}