{
  "B": {
    "m": -1.5347744226455688,
    "s": 0.3440554738044739
  },
  "Freq": {
    "m": 2.0,
    "s": 9.99999993922529e-09
  },
  "Temp": {
    "m": 25.0,
    "s": 9.99999993922529e-09
  },
  "Turns": {
    "m": 14.524999618530273,
    "s": 4.500069618225098
  },
  "Dc": {
    "m": 1248.1602783203125,
    "s": 712.3115844726562
  },
  "Duty_P": {
    "m": 0.5084999799728394,
    "s": 0.23183289170265198
  },
  "Duty_N": {
    "m": 0.49149999022483826,
    "s": 0.23183289170265198
  }
}