{
  "B": {
    "m": -1.5428731441497803,
    "s": 0.3618662655353546
  },
  "Freq": {
    "m": 2.0,
    "s": 9.99999993922529e-09
  },
  "Temp": {
    "m": 25.0,
    "s": 9.99999993922529e-09
  },
  "Turns": {
    "m": 14.20181941986084,
    "s": 4.4452033042907715
  },
  "Dc": {
    "m": 1245.2510986328125,
    "s": 698.5667114257812
  },
  "Duty_P": {
    "m": 0.503722071647644,
    "s": 0.22463735938072205
  },
  "Duty_N": {
    "m": 0.49627792835235596,
    "s": 0.22463735938072205
  }
}