{
  "test_loss": 0.8411718477048395,
  "avg_error": 7.052278995513916,
  "error_95pct": 25.590621948242188,
  "error_max": 62.75932693481445,
  "training_secs": 5.723326799925417
}