{
  "test_loss": 57.07573874598412,
  "avg_error": 77.51760864257812,
  "error_95pct": 81.15050506591797,
  "error_max": 89.03305053710938,
  "training_secs": 4.824887900031172
}