Hdc_IWATSU,Pcv_IWATSU,Hdc_Meas,Pcv_Meas
580.25,30.555,586.9135802,34.26982951
1163,29.875,1179.506173,32.40877463
1745.7,29.31,1768.395062,31.17491698
2325.9,29.889,2354.567901,29.65112029
2911.1,29.444,2943.209877,28.91749502
3491.4,29.366,3525.925926,28.5165685
